{"message": {
  "subject": "TheColorBlack",
  "value": "Priceless",
  "content": {
    "Statement": [
      {"value": "Black is proud to be black"},
      {"value": "black is elegant light"},
      {"value": "Black is Luxury"},
      {"value": "No one makes an entrance like black"},
      {"value": "Black can't be clarified, it is a secret."},
      {"value": "Everyone knows black is rooted."},
      {"value": "Black is exotic beauty."},
      {"value": "Black is precious."}
    ]
  }
}}
